{"dim":["i","x0","y0","x1","y1","x2","y2","x3","y3","x4","y4","x5","y5","x6","y6","x7","y7"],"root":{"obj":{"i":1,"x0":0.555555555555556,"y0":0,"x1":0.0909090909090909,"y1":0.5,"x2":0.727272727272727,"y2":0.5,"x3":0.363636363636364,"y3":0.5,"x4":0.0909090909090909,"y4":0.5,"x5":0.363636363636364,"y5":0.5,"x6":0.6,"y6":1,"x7":0.4,"y7":1},"dim":0,"left":{"obj":{"i":0,"x0":0.555555555555556,"y0":0,"x1":0.4,"y1":1,"x2":0.727272727272727,"y2":0.5,"x3":0.363636363636364,"y3":0.5,"x4":0.0909090909090909,"y4":0.5,"x5":0.363636363636364,"y5":0.5,"x6":0.6,"y6":1,"x7":0.4,"y7":1},"dim":1,"left":null,"right":null},"right":null}}