{"dim":["i","x0","y0","x1","y1","x2","y2"],"root":{"obj":{"i":26,"x0":0.555555555555556,"y0":0,"x1":0.0909090909090909,"y1":0.5,"x2":0.4,"y2":1},"dim":0,"left":{"obj":{"i":13,"x0":0.555555555555556,"y0":0,"x1":0.4,"y1":1,"x2":0.363636363636364,"y2":0.5},"dim":1,"left":{"obj":{"i":3,"x0":0.4,"y0":1,"x1":0.363636363636364,"y1":0.5,"x2":0.727272727272727,"y2":0.5},"dim":2,"left":{"obj":{"i":2,"x0":0.4,"y0":1,"x1":0.363636363636364,"y1":0.5,"x2":0.363636363636364,"y2":0.5},"dim":3,"left":{"obj":{"i":10,"x0":0.555555555555556,"y0":0,"x1":0.3,"y1":1,"x2":0.363636363636364,"y2":0.5},"dim":4,"left":{"obj":{"i":1,"x0":0.4,"y0":1,"x1":0.363636363636364,"y1":0.5,"x2":0.3,"y2":1},"dim":5,"left":null,"right":null},"right":{"obj":{"i":0,"x0":0.4,"y0":1,"x1":0.3,"y1":1,"x2":0.363636363636364,"y2":0.5},"dim":5,"left":null,"right":null}},"right":{"obj":{"i":12,"x0":0.555555555555556,"y0":0,"x1":0.4,"y1":1,"x2":0.4,"y2":1},"dim":4,"left":{"obj":{"i":11,"x0":0.555555555555556,"y0":0,"x1":0.4,"y1":1,"x2":0.3,"y2":1},"dim":5,"left":null,"right":null},"right":null}},"right":{"obj":{"i":8,"x0":0.4,"y0":1,"x1":0.6,"y1":1,"x2":0.363636363636364,"y2":0.5},"dim":3,"left":{"obj":{"i":5,"x0":0.4,"y0":1,"x1":0.363636363636364,"y1":0.5,"x2":0.0909090909090909,"y2":0.5},"dim":4,"left":{"obj":{"i":4,"x0":0.4,"y0":1,"x1":0.363636363636364,"y1":0.5,"x2":0.6,"y2":1},"dim":5,"left":null,"right":null},"right":{"obj":{"i":7,"x0":0.4,"y0":1,"x1":0.6,"y1":1,"x2":0.4,"y2":1},"dim":5,"left":null,"right":null}},"right":{"obj":{"i":9,"x0":0.4,"y0":1,"x1":0.6,"y1":1,"x2":0.0909090909090909,"y2":0.5},"dim":4,"left":{"obj":{"i":6,"x0":0.4,"y0":1,"x1":0.727272727272727,"y1":0.5,"x2":0.363636363636364,"y2":0.5},"dim":5,"left":null,"right":null},"right":null}}},"right":{"obj":{"i":20,"x0":0.555555555555556,"y0":0,"x1":0.363636363636364,"y1":0.5,"x2":0.0909090909090909,"y2":0.5},"dim":2,"left":{"obj":{"i":19,"x0":0.555555555555556,"y0":0,"x1":0.363636363636364,"y1":0.5,"x2":0.6,"y2":1},"dim":3,"left":{"obj":{"i":17,"x0":0.555555555555556,"y0":0,"x1":0.363636363636364,"y1":0.5,"x2":0.363636363636364,"y2":0.5},"dim":4,"left":{"obj":{"i":16,"x0":0.555555555555556,"y0":0,"x1":0.363636363636364,"y1":0.5,"x2":0.3,"y2":1},"dim":5,"left":null,"right":null},"right":{"obj":{"i":18,"x0":0.555555555555556,"y0":0,"x1":0.363636363636364,"y1":0.5,"x2":0.727272727272727,"y2":0.5},"dim":5,"left":null,"right":null}},"right":{"obj":{"i":15,"x0":0.555555555555556,"y0":0,"x1":0.4,"y1":1,"x2":0.6,"y2":1},"dim":4,"left":{"obj":{"i":14,"x0":0.555555555555556,"y0":0,"x1":0.4,"y1":1,"x2":0.727272727272727,"y2":0.5},"dim":5,"left":null,"right":null},"right":null}},"right":{"obj":{"i":23,"x0":0.555555555555556,"y0":0,"x1":0.6,"y1":1,"x2":0.363636363636364,"y2":0.5},"dim":3,"left":{"obj":{"i":22,"x0":0.555555555555556,"y0":0,"x1":0.6,"y1":1,"x2":0.4,"y2":1},"dim":4,"left":{"obj":{"i":25,"x0":0.555555555555556,"y0":0,"x1":0.0909090909090909,"y1":0.5,"x2":0.3,"y2":1},"dim":5,"left":null,"right":null},"right":null},"right":{"obj":{"i":24,"x0":0.555555555555556,"y0":0,"x1":0.6,"y1":1,"x2":0.0909090909090909,"y2":0.5},"dim":4,"left":{"obj":{"i":21,"x0":0.555555555555556,"y0":0,"x1":0.727272727272727,"y1":0.5,"x2":0.363636363636364,"y2":0.5},"dim":5,"left":null,"right":null},"right":null}}}},"right":{"obj":{"i":32,"x0":0.363636363636364,"y0":0.5,"x1":0.0909090909090909,"y1":0.5,"x2":0.4,"y2":1},"dim":1,"left":{"obj":{"i":48,"x0":0.0909090909090909,"y0":0.5,"x1":0.727272727272727,"y1":0.5,"x2":0.363636363636364,"y2":0.5},"dim":2,"left":{"obj":{"i":45,"x0":0.0909090909090909,"y0":0.5,"x1":0.363636363636364,"y1":0.5,"x2":0.727272727272727,"y2":0.5},"dim":3,"left":{"obj":{"i":44,"x0":0.0909090909090909,"y0":0.5,"x1":0.363636363636364,"y1":0.5,"x2":0.363636363636364,"y2":0.5},"dim":4,"left":{"obj":{"i":43,"x0":0.0909090909090909,"y0":0.5,"x1":0.363636363636364,"y1":0.5,"x2":0.3,"y2":1},"dim":5,"left":null,"right":null},"right":{"obj":{"i":42,"x0":0.0909090909090909,"y0":0.5,"x1":0.3,"y1":1,"x2":0.363636363636364,"y2":0.5},"dim":5,"left":null,"right":null}},"right":{"obj":{"i":47,"x0":0.0909090909090909,"y0":0.5,"x1":0.363636363636364,"y1":0.5,"x2":0.0909090909090909,"y2":0.5},"dim":4,"left":{"obj":{"i":46,"x0":0.0909090909090909,"y0":0.5,"x1":0.363636363636364,"y1":0.5,"x2":0.6,"y2":1},"dim":5,"left":null,"right":null},"right":null}},"right":{"obj":{"i":50,"x0":0.0909090909090909,"y0":0.5,"x1":0.6,"y1":1,"x2":0.363636363636364,"y2":0.5},"dim":3,"left":{"obj":{"i":49,"x0":0.0909090909090909,"y0":0.5,"x1":0.6,"y1":1,"x2":0.4,"y2":1},"dim":4,"left":{"obj":{"i":31,"x0":0.363636363636364,"y0":0.5,"x1":0.0909090909090909,"y1":0.5,"x2":0.3,"y2":1},"dim":5,"left":null,"right":null},"right":null},"right":{"obj":{"i":30,"x0":0.363636363636364,"y0":0.5,"x1":0.6,"y1":1,"x2":0.4,"y2":1},"dim":4,"left":{"obj":{"i":51,"x0":0.0909090909090909,"y0":0.5,"x1":0.6,"y1":1,"x2":0.0909090909090909,"y2":0.5},"dim":5,"left":null,"right":null},"right":null}}},"right":{"obj":{"i":36,"x0":0.727272727272727,"y0":0.5,"x1":0.363636363636364,"y1":0.5,"x2":0.0909090909090909,"y2":0.5},"dim":2,"left":{"obj":{"i":33,"x0":0.363636363636364,"y0":0.5,"x1":0.0909090909090909,"y1":0.5,"x2":0.363636363636364,"y2":0.5},"dim":3,"left":{"obj":{"i":28,"x0":0.555555555555556,"y0":0,"x1":0.0909090909090909,"y1":0.5,"x2":0.727272727272727,"y2":0.5},"dim":4,"left":{"obj":{"i":27,"x0":0.555555555555556,"y0":0,"x1":0.0909090909090909,"y1":0.5,"x2":0.363636363636364,"y2":0.5},"dim":5,"left":null,"right":null},"right":{"obj":{"i":29,"x0":0.555555555555556,"y0":0,"x1":0.0909090909090909,"y1":0.5,"x2":0.6,"y2":1},"dim":5,"left":null,"right":null}},"right":{"obj":{"i":35,"x0":0.363636363636364,"y0":0.5,"x1":0.0909090909090909,"y1":0.5,"x2":0.6,"y2":1},"dim":4,"left":{"obj":{"i":34,"x0":0.363636363636364,"y0":0.5,"x1":0.0909090909090909,"y1":0.5,"x2":0.727272727272727,"y2":0.5},"dim":5,"left":null,"right":null},"right":null}},"right":{"obj":{"i":39,"x0":0.6,"y0":1,"x1":0.0909090909090909,"y1":0.5,"x2":0.363636363636364,"y2":0.5},"dim":3,"left":{"obj":{"i":38,"x0":0.6,"y0":1,"x1":0.0909090909090909,"y1":0.5,"x2":0.4,"y2":1},"dim":4,"left":{"obj":{"i":37,"x0":0.6,"y0":1,"x1":0.0909090909090909,"y1":0.5,"x2":0.3,"y2":1},"dim":5,"left":null,"right":null},"right":null},"right":{"obj":{"i":41,"x0":0.6,"y0":1,"x1":0.0909090909090909,"y1":0.5,"x2":0.6,"y2":1},"dim":4,"left":{"obj":{"i":40,"x0":0.6,"y0":1,"x1":0.0909090909090909,"y1":0.5,"x2":0.727272727272727,"y2":0.5},"dim":5,"left":null,"right":null},"right":null}}}}}}