{"dim":["i","x0","y0","x1","y1","x2","y2","x3","y3","x4","y4","x5","y5","x6","y6","x7","y7","x8","y8","x9","y9","x10","y10","x11","y11","x12","y12","x13","y13","x14","y14","x15","y15","x16","y16"],"root":{"obj":{"i":18,"x0":0.333333333333333,"y0":0,"x1":0.2,"y1":1,"x2":0.444444444444444,"y2":0,"x3":0.222222222222222,"y3":0,"x4":0.555555555555556,"y4":0,"x5":0.888888888888889,"y5":0,"x6":0.545454545454545,"y6":0.5,"x7":0.1,"y7":1,"x8":0.545454545454545,"y8":0.5,"x9":0.111111111111111,"y9":0,"x10":0.333333333333333,"y10":0,"x11":0.545454545454545,"y11":0.5,"x12":0.555555555555556,"y12":0,"x13":0.8,"y13":1,"x14":0.545454545454545,"y14":0.5,"x15":0.4,"y15":1,"x16":0.777777777777778,"y16":0},"dim":0,"left":{"obj":{"i":9,"x0":0.333333333333333,"y0":0,"x1":0.545454545454545,"y1":0.5,"x2":0.5,"y2":1,"x3":0.181818181818182,"y3":0.5,"x4":0.555555555555556,"y4":0,"x5":0.111111111111111,"y5":0,"x6":0.444444444444444,"y6":0,"x7":0.222222222222222,"y7":0,"x8":0.545454545454545,"y8":0.5,"x9":0.5,"y9":1,"x10":0.7,"y10":1,"x11":0.545454545454545,"y11":0.5,"x12":0.555555555555556,"y12":0,"x13":0.8,"y13":1,"x14":0.545454545454545,"y14":0.5,"x15":0.363636363636364,"y15":0.5,"x16":0.777777777777778,"y16":0},"dim":1,"left":{"obj":{"i":4,"x0":0.333333333333333,"y0":0,"x1":0.555555555555556,"y1":0,"x2":0.444444444444444,"y2":0,"x3":0.555555555555556,"y3":0,"x4":0.333333333333333,"y4":0,"x5":0.6,"y5":1,"x6":0.5,"y6":1,"x7":0.7,"y7":1,"x8":0.545454545454545,"y8":0.5,"x9":0.888888888888889,"y9":0,"x10":0.7,"y10":1,"x11":0.545454545454545,"y11":0.5,"x12":0.555555555555556,"y12":0,"x13":0.8,"y13":1,"x14":0.545454545454545,"y14":0.5,"x15":0.363636363636364,"y15":0.5,"x16":0.666666666666667,"y16":0},"dim":2,"left":{"obj":{"i":2,"x0":0.333333333333333,"y0":0,"x1":0.555555555555556,"y1":0,"x2":0.444444444444444,"y2":0,"x3":0.555555555555556,"y3":0,"x4":0.333333333333333,"y4":0,"x5":0.6,"y5":1,"x6":0.5,"y6":1,"x7":0.7,"y7":1,"x8":0.545454545454545,"y8":0.5,"x9":0.888888888888889,"y9":0,"x10":0.7,"y10":1,"x11":0.545454545454545,"y11":0.5,"x12":0.555555555555556,"y12":0,"x13":0.8,"y13":1,"x14":0.545454545454545,"y14":0.5,"x15":0.545454545454545,"y15":0.5,"x16":0.818181818181818,"y16":0.5},"dim":3,"left":{"obj":{"i":1,"x0":0.333333333333333,"y0":0,"x1":0.555555555555556,"y1":0,"x2":0.444444444444444,"y2":0,"x3":0.555555555555556,"y3":0,"x4":0.333333333333333,"y4":0,"x5":0.6,"y5":1,"x6":0.5,"y6":1,"x7":0.7,"y7":1,"x8":0.545454545454545,"y8":0.5,"x9":0.888888888888889,"y9":0,"x10":0.7,"y10":1,"x11":0.545454545454545,"y11":0.5,"x12":0.555555555555556,"y12":0,"x13":0.8,"y13":1,"x14":0.545454545454545,"y14":0.5,"x15":0.4,"y15":1,"x16":0.666666666666667,"y16":0},"dim":4,"left":{"obj":{"i":0,"x0":0.333333333333333,"y0":0,"x1":0.555555555555556,"y1":0,"x2":0.444444444444444,"y2":0,"x3":0.555555555555556,"y3":0,"x4":0.333333333333333,"y4":0,"x5":0.6,"y5":1,"x6":0.5,"y6":1,"x7":0.7,"y7":1,"x8":0.545454545454545,"y8":0.5,"x9":0.888888888888889,"y9":0,"x10":0.7,"y10":1,"x11":0.545454545454545,"y11":0.5,"x12":0.555555555555556,"y12":0,"x13":0.8,"y13":1,"x14":0.545454545454545,"y14":0.5,"x15":0.4,"y15":1,"x16":0.777777777777778,"y16":0},"dim":5,"left":null,"right":null},"right":null},"right":{"obj":{"i":3,"x0":0.333333333333333,"y0":0,"x1":0.555555555555556,"y1":0,"x2":0.444444444444444,"y2":0,"x3":0.555555555555556,"y3":0,"x4":0.333333333333333,"y4":0,"x5":0.6,"y5":1,"x6":0.5,"y6":1,"x7":0.7,"y7":1,"x8":0.545454545454545,"y8":0.5,"x9":0.888888888888889,"y9":0,"x10":0.7,"y10":1,"x11":0.545454545454545,"y11":0.5,"x12":0.555555555555556,"y12":0,"x13":0.8,"y13":1,"x14":0.545454545454545,"y14":0.5,"x15":0.363636363636364,"y15":0.5,"x16":0.777777777777778,"y16":0},"dim":4,"left":null,"right":null}},"right":{"obj":{"i":8,"x0":0.333333333333333,"y0":0,"x1":0.545454545454545,"y1":0.5,"x2":0.5,"y2":1,"x3":0.181818181818182,"y3":0.5,"x4":0.555555555555556,"y4":0,"x5":0.111111111111111,"y5":0,"x6":0.444444444444444,"y6":0,"x7":0.222222222222222,"y7":0,"x8":0.545454545454545,"y8":0.5,"x9":0.5,"y9":1,"x10":0.7,"y10":1,"x11":0.545454545454545,"y11":0.5,"x12":0.555555555555556,"y12":0,"x13":0.8,"y13":1,"x14":0.545454545454545,"y14":0.5,"x15":0.545454545454545,"y15":0.5,"x16":0.818181818181818,"y16":0.5},"dim":3,"left":{"obj":{"i":7,"x0":0.333333333333333,"y0":0,"x1":0.545454545454545,"y1":0.5,"x2":0.5,"y2":1,"x3":0.181818181818182,"y3":0.5,"x4":0.555555555555556,"y4":0,"x5":0.111111111111111,"y5":0,"x6":0.444444444444444,"y6":0,"x7":0.222222222222222,"y7":0,"x8":0.545454545454545,"y8":0.5,"x9":0.5,"y9":1,"x10":0.7,"y10":1,"x11":0.545454545454545,"y11":0.5,"x12":0.555555555555556,"y12":0,"x13":0.8,"y13":1,"x14":0.545454545454545,"y14":0.5,"x15":0.4,"y15":1,"x16":0.666666666666667,"y16":0},"dim":4,"left":{"obj":{"i":6,"x0":0.333333333333333,"y0":0,"x1":0.545454545454545,"y1":0.5,"x2":0.5,"y2":1,"x3":0.181818181818182,"y3":0.5,"x4":0.555555555555556,"y4":0,"x5":0.111111111111111,"y5":0,"x6":0.444444444444444,"y6":0,"x7":0.222222222222222,"y7":0,"x8":0.545454545454545,"y8":0.5,"x9":0.5,"y9":1,"x10":0.7,"y10":1,"x11":0.545454545454545,"y11":0.5,"x12":0.555555555555556,"y12":0,"x13":0.8,"y13":1,"x14":0.545454545454545,"y14":0.5,"x15":0.4,"y15":1,"x16":0.777777777777778,"y16":0},"dim":5,"left":null,"right":null},"right":null},"right":{"obj":{"i":5,"x0":0.333333333333333,"y0":0,"x1":0.555555555555556,"y1":0,"x2":0.444444444444444,"y2":0,"x3":0.555555555555556,"y3":0,"x4":0.333333333333333,"y4":0,"x5":0.6,"y5":1,"x6":0.5,"y6":1,"x7":0.7,"y7":1,"x8":0.545454545454545,"y8":0.5,"x9":0.888888888888889,"y9":0,"x10":0.7,"y10":1,"x11":0.545454545454545,"y11":0.5,"x12":0.555555555555556,"y12":0,"x13":0.8,"y13":1,"x14":0.545454545454545,"y14":0.5,"x15":0.5,"y15":1,"x16":0.555555555555556,"y16":0},"dim":4,"left":null,"right":null}}},"right":{"obj":{"i":14,"x0":0.333333333333333,"y0":0,"x1":0.545454545454545,"y1":0.5,"x2":0.5,"y2":1,"x3":0.444444444444444,"y3":0,"x4":0.222222222222222,"y4":0,"x5":0.181818181818182,"y5":0.5,"x6":0.545454545454545,"y6":0.5,"x7":0.2,"y7":1,"x8":0.7,"y8":1,"x9":0.545454545454545,"y9":0.5,"x10":0.888888888888889,"y10":0,"x11":0.727272727272727,"y11":0.5,"x12":0.545454545454545,"y12":0.5,"x13":0.5,"y13":1,"x14":0.222222222222222,"y14":0,"x15":0.545454545454545,"y15":0.5,"x16":0.545454545454545,"y16":0.5},"dim":2,"left":{"obj":{"i":12,"x0":0.333333333333333,"y0":0,"x1":0.545454545454545,"y1":0.5,"x2":0.5,"y2":1,"x3":0.181818181818182,"y3":0.5,"x4":0.545454545454545,"y4":0.5,"x5":0.3,"y5":1,"x6":0.545454545454545,"y6":0.5,"x7":0.181818181818182,"y7":0.5,"x8":0.555555555555556,"y8":0,"x9":0.333333333333333,"y9":0,"x10":0.727272727272727,"y10":0.5,"x11":0.545454545454545,"y11":0.5,"x12":0.2,"y12":1,"x13":0.444444444444444,"y13":0,"x14":0.545454545454545,"y14":0.5,"x15":0.555555555555556,"y15":0,"x16":0.8,"y16":1},"dim":3,"left":{"obj":{"i":11,"x0":0.333333333333333,"y0":0,"x1":0.545454545454545,"y1":0.5,"x2":0.5,"y2":1,"x3":0.181818181818182,"y3":0.5,"x4":0.555555555555556,"y4":0,"x5":0.111111111111111,"y5":0,"x6":0.444444444444444,"y6":0,"x7":0.222222222222222,"y7":0,"x8":0.545454545454545,"y8":0.5,"x9":0.5,"y9":1,"x10":0.7,"y10":1,"x11":0.545454545454545,"y11":0.5,"x12":0.555555555555556,"y12":0,"x13":0.8,"y13":1,"x14":0.545454545454545,"y14":0.5,"x15":0.5,"y15":1,"x16":0.555555555555556,"y16":0},"dim":4,"left":{"obj":{"i":10,"x0":0.333333333333333,"y0":0,"x1":0.545454545454545,"y1":0.5,"x2":0.5,"y2":1,"x3":0.181818181818182,"y3":0.5,"x4":0.555555555555556,"y4":0,"x5":0.111111111111111,"y5":0,"x6":0.444444444444444,"y6":0,"x7":0.222222222222222,"y7":0,"x8":0.545454545454545,"y8":0.5,"x9":0.5,"y9":1,"x10":0.7,"y10":1,"x11":0.545454545454545,"y11":0.5,"x12":0.555555555555556,"y12":0,"x13":0.8,"y13":1,"x14":0.545454545454545,"y14":0.5,"x15":0.363636363636364,"y15":0.5,"x16":0.666666666666667,"y16":0},"dim":5,"left":null,"right":null},"right":null},"right":{"obj":{"i":13,"x0":0.333333333333333,"y0":0,"x1":0.545454545454545,"y1":0.5,"x2":0.5,"y2":1,"x3":0.181818181818182,"y3":0.5,"x4":0.545454545454545,"y4":0.5,