{"dim":["i","x0","y0","x1","y1","x2","y2","x3","y3","x4","y4","x5","y5","x6","y6","x7","y7","x8","y8","x9","y9","x10","y10","x11","y11","x12","y12","x13","y13","x14","y14","x15","y15","x16","y16","x17","y17"],"root":{"obj":{"i":1,"x0":0.333333333333333,"y0":0,"x1":0.545454545454545,"y1":0.5,"x2":0.5,"y2":1,"x3":0.444444444444444,"y3":0,"x4":0.222222222222222,"y4":0,"x5":0.181818181818182,"y5":0.5,"x6":0.545454545454545,"y6":0.5,"x7":0.2,"y7":1,"x8":0.7,"y8":1,"x9":0.545454545454545,"y9":0.5,"x10":0.888888888888889,"y10":0,"x11":0.727272727272727,"y11":0.5,"x12":0.545454545454545,"y12":0.5,"x13":0.5,"y13":1,"x14":0.222222222222222,"y14":0,"x15":0.545454545454545,"y15":0.5,"x16":0.545454545454545,"y16":0.5,"x17":0.777777777777778,"y17":0},"dim":0,"left":{"obj":{"i":0,"x0":0.333333333333333,"y0":0,"x1":0.545454545454545,"y1":0.5,"x2":0.5,"y2":1,"x3":0.444444444444444,"y3":0,"x4":0.222222222222222,"y4":0,"x5":0.181818181818182,"y5":0.5,"x6":0.545454545454545,"y6":0.5,"x7":0.2,"y7":1,"x8":0.7,"y8":1,"x9":0.545454545454545,"y9":0.5,"x10":0.888888888888889,"y10":0,"x11":0.727272727272727,"y11":0.5,"x12":0.545454545454545,"y12":0.5,"x13":0.5,"y13":1,"x14":0.222222222222222,"y14":0,"x15":0.545454545454545,"y15":0.5,"x16":0.555555555555556,"y16":0,"x17":0.8,"y17":1},"dim":1,"left":null,"right":null},"right":null}}