word,mat_1,mat_2
ב,0.3,1
ה,0.4,1
ו,0.555555555555556,0
כ,0.363636363636364,0.5
ל,0.727272727272727,0.5
מ,0.6,1
ש,0.0909090909090909,0.5
