word,mat_1,mat_2
ב,0.3,2
ה,0.4,2
ו,0.555555555555556,0
כ,0.363636363636364,1
ל,0.727272727272727,1
מ,0.6,2
ש,0.0909090909090909,1
