{"dim":["i","x0","y0","x1","y1","x2","y2","x3","y3","x4","y4"],"root":{"obj":{"i":48,"x0":0.555555555555556,"y0":0,"x1":0.6,"y1":1,"x2":0.0909090909090909,"y2":0.5,"x3":0.363636363636364,"y3":0.5,"x4":0.363636363636364,"y4":0.5},"dim":0,"left":{"obj":{"i":24,"x0":0.555555555555556,"y0":0,"x1":0.4,"y1":1,"x2":0.363636363636364,"y2":0.5,"x3":0.0909090909090909,"y3":0.5,"x4":0.363636363636364,"y4":0.5},"dim":1,"left":{"obj":{"i":9,"x0":0.4,"y0":1,"x1":0.727272727272727,"y1":0.5,"x2":0.363636363636364,"y2":0.5,"x3":0.0909090909090909,"y3":0.5,"x4":0.4,"y4":1},"dim":2,"left":{"obj":{"i":7,"x0":0.4,"y0":1,"x1":0.363636363636364,"y1":0.5,"x2":0.0909090909090909,"y2":0.5,"x3":0.6,"y3":1,"x4":0.363636363636364,"y4":0.5},"dim":3,"left":{"obj":{"i":4,"x0":0.4,"y0":1,"x1":0.363636363636364,"y1":0.5,"x2":0.0909090909090909,"y2":0.5,"x3":0.363636363636364,"y3":0.5,"x4":0.6,"y4":1},"dim":4,"left":{"obj":{"i":2,"x0":0.4,"y0":1,"x1":0.363636363636364,"y1":0.5,"x2":0.0909090909090909,"y2":0.5,"x3":0.363636363636364,"y3":0.5,"x4":0.363636363636364,"y4":0.5},"dim":5,"left":{"obj":{"i":1,"x0":0.4,"y0":1,"x1":0.363636363636364,"y1":0.5,"x2":0.0909090909090909,"y2":0.5,"x3":0.363636363636364,"y3":0.5,"x4":0.3,"y4":1},"dim":6,"left":null,"right":null},"right":{"obj":{"i":3,"x0":0.4,"y0":1,"x1":0.363636363636364,"y1":0.5,"x2":0.0909090909090909,"y2":0.5,"x3":0.363636363636364,"y3":0.5,"x4":0.727272727272727,"y4":0.5},"dim":6,"left":null,"right":null}},"right":{"obj":{"i":6,"x0":0.4,"y0":1,"x1":0.363636363636364,"y1":0.5,"x2":0.0909090909090909,"y2":0.5,"x3":0.6,"y3":1,"x4":0.4,"y4":1},"dim":5,"left":{"obj":{"i":5,"x0":0.4,"y0":1,"x1":0.363636363636364,"y1":0.5,"x2":0.0909090909090909,"y2":0.5,"x3":0.727272727272727,"y3":0.5,"x4":0.363636363636364,"y4":0.5},"dim":6,"left":null,"right":null},"right":null}},"right":{"obj":{"i":22,"x0":0.555555555555556,"y0":0,"x1":0.4,"y1":1,"x2":0.363636363636364,"y2":0.5,"x3":0.0909090909090909,"y3":0.5,"x4":0.3,"y4":1},"dim":4,"left":{"obj":{"i":21,"x0":0.555555555555556,"y0":0,"x1":0.4,"y1":1,"x2":0.363636363636364,"y2":0.5,"x3":0.6,"y3":1,"x4":0.4,"y4":1},"dim":5,"left":{"obj":{"i":8,"x0":0.4,"y0":1,"x1":0.727272727272727,"y1":0.5,"x2":0.363636363636364,"y2":0.5,"x3":0.0909090909090909,"y3":0.5,"x4":0.3,"y4":1},"dim":6,"left":null,"right":null},"right":null},"right":{"obj":{"i":23,"x0":0.555555555555556,"y0":0,"x1":0.4,"y1":1,"x2":0.363636363636364,"y2":0.5,"x3":0.0909090909090909,"y3":0.5,"x4":0.4,"y4":1},"dim":5,"left":{"obj":{"i":15,"x0":0.4,"y0":1,"x1":0.6,"y1":1,"x2":0.0909090909090909,"y2":0.5,"x3":0.363636363636364,"y3":0.5,"x4":0.363636363636364,"y4":0.5},"dim":6,"left":null,"right":null},"right":null}}},"right":{"obj":{"i":18,"x0":0.4,"y0":1,"x1":0.6,"y1":1,"x2":0.0909090909090909,"y2":0.5,"x3":0.727272727272727,"y3":0.5,"x4":0.363636363636364,"y4":0.5},"dim":3,"left":{"obj":{"i":14,"x0":0.4,"y0":1,"x1":0.6,"y1":1,"x2":0.0909090909090909,"y2":0.5,"x3":0.363636363636364,"y3":0.5,"x4":0.3,"y4":1},"dim":4,"left":{"obj":{"i":13,"x0":0.4,"y0":1,"x1":0.6,"y1":1,"x2":0.0909090909090909,"y2":0.5,"x3":0.3,"y3":1,"x4":0.363636363636364,"y4":0.5},"dim":5,"left":{"obj":{"i":0,"x0":0.4,"y0":1,"x1":0.363636363636364,"y1":0.5,"x2":0.0909090909090909,"y2":0.5,"x3":0.3,"y3":1,"x4":0.363636363636364,"y4":0.5},"dim":6,"left":null,"right":null},"right":null},"right":{"obj":{"i":17,"x0":0.4,"y0":1,"x1":0.6,"y1":1,"x2":0.0909090909090909,"y2":0.5,"x3":0.363636363636364,"y3":0.5,"x4":0.6,"y4":1},"dim":5,"left":{"obj":{"i":16,"x0":0.4,"y0":1,"x1":0.6,"y1":1,"x2":0.0909090909090909,"y2":0.5,"x3":0.363636363636364,"y3":0.5,"x4":0.727272727272727,"y4":0.5},"dim":6,"left":null,"right":null},"right":null}},"right":{"obj":{"i":12,"x0":0.4,"y0":1,"x1":0.727272727272727,"y1":0.5,"x2":0.363636363636364,"y2":0.5,"x3":0.0909090909090909,"y3":0.5,"x4":0.6,"y4":1},"dim":4,"left":{"obj":{"i":11,"x0":0.4,"y0":1,"x1":0.727272727272727,"y1":0.5,"x2":0.363636363636364,"y2":0.5,"x3":0.0909090909090909,"y3":0.5,"x4":0.727272727272727,"y4":0.5},"dim":5,"left":{"obj":{"i":10,"x0":0.4,"y0":1,"x1":0.727272727272727,"y1":0.5,"x2":0.363636363636364,"y2":0.5,"x3":0.0909090909090909,"y3":0.5,"x4":0.363636363636364,"y4":0.5},"dim":6,"left":null,"right":null},"right":null},"right":{"obj":{"i":20,"x0":0.4,"y0":1,"x1":0.6,"y1":1,"x2":0.0909090909090909,"y2":0.5,"x3":0.6,"y3":1,"x4":0.363636363636364,"y4":0.5},"dim":5,"left":{"obj":{"i":19,"x0":0.4,"y0":1,"x1":0.6,"y1":1,"x2":0.0909090909090909,"y2":0.5,"x3":0.6,"y3":1,"x4":0.4,"y4":1},"dim":6,"left":null,"right":null},"right":null}}}},"right":{"obj":{"i":36,"x0":0.555555555555556,"y0":0,"x1":0.363636363636364,"y1":0.5,"x2":0.0909090909090909,"y2":0.5,"x3":0.363636363636364,"y3":0.5,"x4":0.727272727272727,"y4":0.5},"dim":2,"left":{"obj":{"i":27,"x0":0.555555555555556,"y0":0,"x1":0.4,"y1":1,"x2":0.727272727272727,"y2":0.5,"x3":0.363636363636364,"y3":0.5,"x4":0.0909090909090909,"y4":0.5},"dim":3,"left":{"obj":{"i":35,"x0":0.555555555555556,"y0":0,"x1":0.363636363636364,"y1":0.5,"x2":0.0909090909090909,"y2":0.5,"x3":0.363636363636364,"y3":0.5,"x4":0.363636363636364,"y4":0.5},"dim":4,"left":{"obj":{"i":34,"x0":0.555555555555556,"y0":0,"x1":0.363636363636364,"y1":0.5,"x2":0.0909090909090909,"y2":0.5,"x3":0.363636363636364,"y3":0.5,"x4":0.3,"y4":1},"dim":5,"left":{"obj":{"i":33,"x0":0.555555555555556,"y0":0,"x1":0.363636363636364,"y1":0.5,"x2":0.0909090909090909,"y2":0.5,"x3":0.3,"y3":1,"x4":0.363636363636364,"y4":0.5},"dim":6,"left":null,"right":null},"right":null},"right":{"obj":{"i":26,"x0":0.555555555555556,"y0":0,"x1":0.4,"y1":1,"x2":0.363636363636364,"y2":0.5,"x3":0.0909090909090909,"y3":0.5,"x4":0.6,"y4":1},"dim":5,"left":{"obj":{"i":25,"x0":0.555555555555556,"y0":0,"x1":0.4,"y1":1,"x2":0.363636363636364,"y2":0.5,"x3":0.0909090909090909,"y3":0.5,"x4":0.727272727272727,"y4":0.5},"dim":6,"left":null,"right":null},"right":null}},"right":{"obj":{"i":30,"x0":0.555555555555556,"y0":0,"x1":0.4,"y1":1,"x2":0.6,"y2":1,"x3":0.0909090909090909,"y3":0.5,"x4":0.363636363636364,"y4":0.5},"dim":4,"left":{"obj":{"i":29,"x0":0.555555555555556,"y0":0,"x1":0.4,"y1":1,"x2":0.6,"y2":1,"x3":0.0909090909090909,"y3":0.5,"x4":0.4,"y4":1},"dim":5,"left":{"obj":{"i":28,"x0":0.555555555555556,"y0":0,"x1":0.4,"y1":1,"x2":0.6,"y2":1,"x3":0.0909090909090909,"y3":0.5,"x4":0.3,"y4":1},"dim":6,"left":null,"right":null},"right":null},"right":{"obj":{"i":32,"x0":0.555555555555556,"y0":0,"x1":0.4,"y1":1,"x2":0.6,"y2":1,"x3":0.0909090909090909,"y3":0.5,"x4":0.6,"y4":1},"dim":5,"left":{"obj":{"i":47,"x0":0.555555555555556,"y0":0,"x1":0.6,"y1":1,"x2":0.0909090909090909,"y2":0.5,"x3":0.363636363636364,"y3":0.5,"x4":0.3,"y4":1},"dim":6,"left":null,"right":null},"right":null}}},"right":{"obj":{"i":46,"x0":0.555555555555556,"y0":0,"x1":0.6,"y1":1,"x2":0.0909090909090909,"y2":0.5,"x3":0.3,"y3":1,"x4":0.363636363636364,"y4":0.5},"dim":3,"left":{"obj":{"i":39,"x0":0.555555555555556,"y0":0,"x1":0.363636363636364,"y1":0.5,"x2":0.0909090909090909,"y2":0.5,"x3":0.6,"y3":1,"x4":0.4,"y4":1},"dim":4,"left":{"obj":{"i":38,"x0":0.555555555555556,"y0":0,"x1":0.363636363636364,"y1":0.5,"x2":0.0909090909090909,"y2":0.5,"x3":0.727272727272727,"y3":0.5,"x4":0.363636363636364,"y4":0.5},"dim":5,"left":{"obj":{"i":37,"x0":0.555555555555556,"y0":0,"x1":0.363636363636364,"y1":0.5,"x2":0.0909090909090909,"y2":0.5,"x3":0.363636363636364,"y3":0.5,"x4":0.6,"y4":1},"dim":6,"left":null,"right":null},"right":null},"right":{"obj":{"i":31,"x0":0.555555555555556,"y0":0,"x1":0.4,"y1":1,"x2":0.6,"y2":1,"x3":0.0909090909090909,"y3":0.5,"x4":0.727272727272727,"y4":0.5},"dim":5,"left":{"obj":{"i":40,"x0":0.555555555555556,"y0":0,"x1":0.363636363636364,"y1":0.5,"x2":0.0909090909090909,"y2":0.5,"x3":0.6,"y3":1,"x4":0.363636363636364,"y4":0.5},"dim":6,"left":null,"right":null},"right":null}},"right":{"obj":{"i":43,"x0":0.555555555555556,"y0":0,"x1":0.727272727272727,"y1":0.5,"x2":0.363636363636364,"y2":0.5,"x3":0.0909090909090909,"y3":0.5,"x4":0.363636363636364,"y4":0.5},"dim":4,"left":{"obj":{"i":42,